{
  "cities": {
    "new york": ["JFK", "LGA", "EWR"],
    "los angeles": ["LAX", "BUR", "SNA", "ONT", "LGB"],
    "chicago": ["ORD", "MDW"],
    "houston": ["IAH", "HOU"],
    "phoenix": ["PHX", "AZA"],
    "philadelphia": ["PHL"],
    "san antonio": ["SAT"],
    "san diego": ["SAN"],
    "dallas": ["DFW", "DAL"],
    "san jose": ["SJC"],
    "austin": ["AUS"],
    "jacksonville": ["JAX"],
    "fort worth": ["DFW"],
    "columbus": ["CMH"],
    "charlotte": ["CLT"],
    "san francisco": ["SFO", "OAK", "SJC"],
    "indianapolis": ["IND"],
    "seattle": ["SEA"],
    "denver": ["DEN"],
    "washington": ["DCA", "IAD", "BWI"],
    "boston": ["BOS"],
    "el paso": ["ELP"],
    "nashville": ["BNA"],
    "detroit": ["DTW"],
    "oklahoma city": ["OKC"],
    "portland": ["PDX"],
    "las vegas": ["LAS"],
    "memphis": ["MEM"],
    "louisville": ["SDF"],
    "baltimore": ["BWI"],
    "milwaukee": ["MKE"],
    "albuquerque": ["ABQ"],
    "tucson": ["TUS"],
    "fresno": ["FAT"],
    "sacramento": ["SMF"],
    "mesa": ["AZA", "PHX"],
    "kansas city": ["MCI"],
    "atlanta": ["ATL"],
    "long beach": ["LGB"],
    "omaha": ["OMA"],
    "raleigh": ["RDU"],
    "colorado springs": ["COS"],
    "miami": ["MIA", "FLL"],
    "virginia beach": ["ORF"],
    "oakland": ["OAK"],
    "minneapolis": ["MSP"],
    "tulsa": ["TUL"],
    "arlington": ["DFW"],
    "new orleans": ["MSY"],
    "wichita": ["ICT"],
    "cleveland": ["CLE"],
    "tampa": ["TPA"],
    "bakersfield": ["BFL"],
    "aurora": ["DEN"],
    "anaheim": ["SNA", "LAX"],
    "honolulu": ["HNL"],
    "santa ana": ["SNA"],
    "riverside": ["ONT"],
    "corpus christi": ["CRP"],
    "lexington": ["LEX"],
    "stockton": ["SCK"],
    "henderson": ["LAS"],
    "saint paul": ["MSP"],
    "st. louis": ["STL"],
    "cincinnati": ["CVG"],
    "pittsburgh": ["PIT"],
    "greensboro": ["GSO"],
    "anchorage": ["ANC"],
    "plano": ["DFW"],
    "lincoln": ["LNK"],
    "orlando": ["MCO"],
    "irvine": ["SNA"],
    "newark": ["EWR"],
    "toledo": ["TOL"],
    "durham": ["RDU"],
    "chula vista": ["SAN"],
    "fort wayne": ["FWA"],
    "jersey city": ["EWR", "JFK"],
    "st. petersburg": ["TPA", "PIE"],
    "laredo": ["LRD"],
    "scottsdale": ["PHX"],
    "gilbert": ["PHX"],
    "glendale": ["PHX"],
    "norfolk": ["ORF"],
    "madison": ["MSN"],
    "reno": ["RNO"],
    "buffalo": ["BUF"],
    "paradise": ["LAS"],
    "chandler": ["PHX"],
    "lubbock": ["LBB"],
    "winston-salem": ["GSO"],
    "baton rouge": ["BTR"],
    "spokane": ["GEG"],
    "richmond": ["RIC"],
    "des moines": ["DSM"],
    "birmingham": ["BHM"],
    "modesto": ["MOD"],
    "rochester": ["ROC"],
    "tacoma": ["SEA"],
    "fontana": ["ONT"],
    "san bernardino": ["ONT"],
    "moreno valley": ["ONT"],
    "fayetteville": ["XNA", "FAY"],
    "tallahassee": ["TLH"],
    "little rock": ["LIT"],
    "salt lake city": ["SLC"],
    "hartford": ["BDL"],
    "providence": ["PVD"],
    "charleston": ["CHS"],
    "savannah": ["SAV"],
    "pensacola": ["PNS"],
    "fort lauderdale": ["FLL"],
    "west palm beach": ["PBI"],
    "palm beach": ["PBI"],
    "key west": ["EYW"],
    "naples": ["APF", "RSW"],
    "sarasota": ["SRQ"],
    "daytona beach": ["DAB"],
    "gainesville": ["GNV"],
    "palm springs": ["PSP"],
    "santa barbara": ["SBA"],
    "monterey": ["MRY"],
    "napa": ["SFO", "OAK"],
    "sonoma": ["STS"],
    "aspen": ["ASE"],
    "vail": ["EGE"],
    "breckenridge": ["DEN"],
    "telluride": ["TEX", "MTJ"],
    "steamboat springs": ["HDN"],
    "park city": ["SLC"],
    "jackson hole": ["JAC"],
    "sun valley": ["SUN"],
    "big sky": ["BZN"],
    "whistler": ["YVR"],
    "lake tahoe": ["RNO"],
    "maui": ["OGG"],
    "kauai": ["LIH"],
    "big island": ["KOA", "ITO"],
    "kona": ["KOA"],
    "hilo": ["ITO"],

    "paris": ["CDG", "ORY"],
    "london": ["LHR", "LGW", "STN", "LTN", "LCY"],
    "rome": ["FCO", "CIA"],
    "tokyo": ["NRT", "HND"],
    "osaka": ["KIX", "ITM"],
    "kyoto": ["KIX"],
    "barcelona": ["BCN"],
    "amsterdam": ["AMS"],
    "dublin": ["DUB"],
    "lisbon": ["LIS"],
    "berlin": ["BER"],
    "madrid": ["MAD"],
    "milan": ["MXP", "LIN"],
    "prague": ["PRG"],
    "vienna": ["VIE"],
    "athens": ["ATH"],
    "budapest": ["BUD"],
    "copenhagen": ["CPH"],
    "oslo": ["OSL"],
    "stockholm": ["ARN"],
    "zurich": ["ZRH"],
    "brussels": ["BRU"],
    "geneva": ["GVA"],
    "florence": ["FLR"],
    "venice": ["VCE"],
    "naples": ["NAP"],
    "nice": ["NCE"],
    "marseille": ["MRS"],
    "lyon": ["LYS"],
    "bordeaux": ["BOD"],
    "munich": ["MUC"],
    "frankfurt": ["FRA"],
    "dusseldorf": ["DUS"],
    "hamburg": ["HAM"],
    "cologne": ["CGN"],
    "edinburgh": ["EDI"],
    "glasgow": ["GLA"],
    "manchester": ["MAN"],
    "liverpool": ["LPL"],
    "birmingham": ["BHX"],
    "belfast": ["BFS"],
    "cork": ["ORK"],
    "galway": ["GWY"],
    "porto": ["OPO"],
    "seville": ["SVQ"],
    "valencia": ["VLC"],
    "malaga": ["AGP"],
    "ibiza": ["IBZ"],
    "palma": ["PMI"],
    "mallorca": ["PMI"],
    "majorca": ["PMI"],
    "tenerife": ["TFN", "TFS"],
    "lanzarote": ["ACE"],
    "gran canaria": ["LPA"],
    "santorini": ["JTR"],
    "mykonos": ["JMK"],
    "crete": ["HER"],
    "rhodes": ["RHO"],
    "corfu": ["CFU"],
    "dubrovnik": ["DBV"],
    "split": ["SPU"],
    "zagreb": ["ZAG"],
    "ljubljana": ["LJU"],
    "salzburg": ["SZG"],
    "innsbruck": ["INN"],
    "krakow": ["KRK"],
    "warsaw": ["WAW"],
    "bucharest": ["OTP"],
    "sofia": ["SOF"],
    "belgrade": ["BEG"],
    "istanbul": ["IST", "SAW"],
    "ankara": ["ESB"],
    "antalya": ["AYT"],
    "bodrum": ["BJV"],
    "tel aviv": ["TLV"],
    "jerusalem": ["TLV"],
    "cairo": ["CAI"],
    "marrakech": ["RAK"],
    "casablanca": ["CMN"],
    "cape town": ["CPT"],
    "johannesburg": ["JNB"],
    "nairobi": ["NBO"],
    "zanzibar": ["ZNZ"],
    "mauritius": ["MRU"],
    "seychelles": ["SEZ"],
    "maldives": ["MLE"],

    "hong kong": ["HKG"],
    "singapore": ["SIN"],
    "bangkok": ["BKK", "DMK"],
    "phuket": ["HKT"],
    "bali": ["DPS"],
    "jakarta": ["CGK"],
    "kuala lumpur": ["KUL"],
    "penang": ["PEN"],
    "hanoi": ["HAN"],
    "ho chi minh": ["SGN"],
    "saigon": ["SGN"],
    "manila": ["MNL"],
    "cebu": ["CEB"],
    "taipei": ["TPE"],
    "seoul": ["ICN", "GMP"],
    "busan": ["PUS"],
    "beijing": ["PEK", "PKX"],
    "shanghai": ["PVG", "SHA"],
    "guangzhou": ["CAN"],
    "shenzhen": ["SZX"],
    "chengdu": ["CTU"],
    "xian": ["XIY"],
    "delhi": ["DEL"],
    "mumbai": ["BOM"],
    "bangalore": ["BLR"],
    "chennai": ["MAA"],
    "kolkata": ["CCU"],
    "goa": ["GOI"],
    "jaipur": ["JAI"],
    "kathmandu": ["KTM"],
    "colombo": ["CMB"],

    "sydney": ["SYD"],
    "melbourne": ["MEL"],
    "brisbane": ["BNE"],
    "perth": ["PER"],
    "adelaide": ["ADL"],
    "gold coast": ["OOL"],
    "cairns": ["CNS"],
    "auckland": ["AKL"],
    "wellington": ["WLG"],
    "queenstown": ["ZQN"],
    "christchurch": ["CHC"],
    "fiji": ["NAN"],

    "mexico city": ["MEX"],
    "cancun": ["CUN"],
    "playa del carmen": ["CUN"],
    "tulum": ["CUN"],
    "cozumel": ["CZM"],
    "cabo": ["SJD"],
    "los cabos": ["SJD"],
    "san jose del cabo": ["SJD"],
    "cabo san lucas": ["SJD"],
    "puerto vallarta": ["PVR"],
    "guadalajara": ["GDL"],
    "monterrey": ["MTY"],
    "oaxaca": ["OAX"],
    "san juan": ["SJU"],
    "ponce": ["PSE"],
    "st. thomas": ["STT"],
    "st. croix": ["STX"],
    "san juan": ["SJU"],
    "nassau": ["NAS"],
    "bahamas": ["NAS"],
    "jamaica": ["MBJ", "KIN"],
    "montego bay": ["MBJ"],
    "aruba": ["AUA"],
    "curacao": ["CUR"],
    "bonaire": ["BON"],
    "st. maarten": ["SXM"],
    "st. martin": ["SXM"],
    "turks and caicos": ["PLS"],
    "cayman islands": ["GCM"],
    "grand cayman": ["GCM"],
    "bermuda": ["BDA"],
    "barbados": ["BGI"],
    "st. lucia": ["UVF"],
    "antigua": ["ANU"],
    "dominican republic": ["PUJ", "SDQ"],
    "punta cana": ["PUJ"],
    "santo domingo": ["SDQ"],
    "havana": ["HAV"],
    "cuba": ["HAV"],
    "costa rica": ["SJO", "LIR"],
    "san jose costa rica": ["SJO"],
    "liberia costa rica": ["LIR"],
    "panama city": ["PTY"],
    "belize": ["BZE"],
    "guatemala city": ["GUA"],
    "bogota": ["BOG"],
    "medellin": ["MDE"],
    "cartagena": ["CTG"],
    "lima": ["LIM"],
    "cusco": ["CUZ"],
    "machu picchu": ["CUZ"],
    "quito": ["UIO"],
    "galapagos": ["GPS"],
    "buenos aires": ["EZE"],
    "rio de janeiro": ["GIG"],
    "sao paulo": ["GRU"],
    "santiago": ["SCL"],
    "montevideo": ["MVD"],

    "dubai": ["DXB", "DWC"],
    "abu dhabi": ["AUH"],
    "doha": ["DOH"],
    "muscat": ["MCT"],
    "riyadh": ["RUH"],
    "jeddah": ["JED"],

    "toronto": ["YYZ", "YTZ"],
    "vancouver": ["YVR"],
    "montreal": ["YUL"],
    "calgary": ["YYC"],
    "edmonton": ["YEG"],
    "ottawa": ["YOW"],
    "halifax": ["YHZ"],
    "winnipeg": ["YWG"],
    "quebec city": ["YQB"],
    "victoria": ["YYJ"],
    "banff": ["YYC"],

    "reykjavik": ["KEF"],
    "iceland": ["KEF"]
  },
  "airports": {
    "JFK": { "city": "New York", "name": "John F. Kennedy International", "country": "US" },
    "LGA": { "city": "New York", "name": "LaGuardia", "country": "US" },
    "EWR": { "city": "Newark", "name": "Newark Liberty International", "country": "US" },
    "LAX": { "city": "Los Angeles", "name": "Los Angeles International", "country": "US" },
    "ORD": { "city": "Chicago", "name": "O'Hare International", "country": "US" },
    "DFW": { "city": "Dallas", "name": "Dallas/Fort Worth International", "country": "US" },
    "DEN": { "city": "Denver", "name": "Denver International", "country": "US" },
    "SFO": { "city": "San Francisco", "name": "San Francisco International", "country": "US" },
    "SEA": { "city": "Seattle", "name": "Seattle-Tacoma International", "country": "US" },
    "ATL": { "city": "Atlanta", "name": "Hartsfield-Jackson Atlanta International", "country": "US" },
    "BOS": { "city": "Boston", "name": "Logan International", "country": "US" },
    "MIA": { "city": "Miami", "name": "Miami International", "country": "US" },
    "PHX": { "city": "Phoenix", "name": "Phoenix Sky Harbor International", "country": "US" },
    "IAH": { "city": "Houston", "name": "George Bush Intercontinental", "country": "US" },
    "LAS": { "city": "Las Vegas", "name": "Harry Reid International", "country": "US" },
    "MCO": { "city": "Orlando", "name": "Orlando International", "country": "US" },
    "CLT": { "city": "Charlotte", "name": "Charlotte Douglas International", "country": "US" },
    "MSP": { "city": "Minneapolis", "name": "Minneapolis-Saint Paul International", "country": "US" },
    "DTW": { "city": "Detroit", "name": "Detroit Metropolitan", "country": "US" },
    "PHL": { "city": "Philadelphia", "name": "Philadelphia International", "country": "US" },
    "SLC": { "city": "Salt Lake City", "name": "Salt Lake City International", "country": "US" },
    "DCA": { "city": "Washington", "name": "Ronald Reagan National", "country": "US" },
    "IAD": { "city": "Washington", "name": "Washington Dulles International", "country": "US" },
    "BWI": { "city": "Baltimore", "name": "Baltimore-Washington International", "country": "US" },
    "TPA": { "city": "Tampa", "name": "Tampa International", "country": "US" },
    "SAN": { "city": "San Diego", "name": "San Diego International", "country": "US" },
    "PDX": { "city": "Portland", "name": "Portland International", "country": "US" },
    "STL": { "city": "St. Louis", "name": "St. Louis Lambert International", "country": "US" },
    "BNA": { "city": "Nashville", "name": "Nashville International", "country": "US" },
    "AUS": { "city": "Austin", "name": "Austin-Bergstrom International", "country": "US" },
    "RDU": { "city": "Raleigh", "name": "Raleigh-Durham International", "country": "US" },
    "MSY": { "city": "New Orleans", "name": "Louis Armstrong New Orleans International", "country": "US" },
    "SJC": { "city": "San Jose", "name": "Norman Y. Mineta San Jose International", "country": "US" },
    "SMF": { "city": "Sacramento", "name": "Sacramento International", "country": "US" },
    "OAK": { "city": "Oakland", "name": "Oakland International", "country": "US" },
    "FLL": { "city": "Fort Lauderdale", "name": "Fort Lauderdale-Hollywood International", "country": "US" },
    "HNL": { "city": "Honolulu", "name": "Daniel K. Inouye International", "country": "US" },
    "OGG": { "city": "Maui", "name": "Kahului", "country": "US" },
    "ANC": { "city": "Anchorage", "name": "Ted Stevens Anchorage International", "country": "US" },

    "CDG": { "city": "Paris", "name": "Charles de Gaulle", "country": "FR" },
    "ORY": { "city": "Paris", "name": "Orly", "country": "FR" },
    "LHR": { "city": "London", "name": "Heathrow", "country": "GB" },
    "LGW": { "city": "London", "name": "Gatwick", "country": "GB" },
    "STN": { "city": "London", "name": "Stansted", "country": "GB" },
    "FCO": { "city": "Rome", "name": "Leonardo da Vinci-Fiumicino", "country": "IT" },
    "NRT": { "city": "Tokyo", "name": "Narita International", "country": "JP" },
    "HND": { "city": "Tokyo", "name": "Haneda", "country": "JP" },
    "BCN": { "city": "Barcelona", "name": "Barcelona-El Prat", "country": "ES" },
    "AMS": { "city": "Amsterdam", "name": "Schiphol", "country": "NL" },
    "DUB": { "city": "Dublin", "name": "Dublin", "country": "IE" },
    "LIS": { "city": "Lisbon", "name": "Humberto Delgado", "country": "PT" },
    "BER": { "city": "Berlin", "name": "Berlin Brandenburg", "country": "DE" },
    "MAD": { "city": "Madrid", "name": "Adolfo Suarez Madrid-Barajas", "country": "ES" },
    "MXP": { "city": "Milan", "name": "Milan Malpensa", "country": "IT" },
    "PRG": { "city": "Prague", "name": "Vaclav Havel", "country": "CZ" },
    "VIE": { "city": "Vienna", "name": "Vienna International", "country": "AT" },
    "ATH": { "city": "Athens", "name": "Eleftherios Venizelos", "country": "GR" },
    "BUD": { "city": "Budapest", "name": "Budapest Ferenc Liszt", "country": "HU" },
    "CPH": { "city": "Copenhagen", "name": "Copenhagen", "country": "DK" },
    "OSL": { "city": "Oslo", "name": "Oslo Gardermoen", "country": "NO" },
    "ARN": { "city": "Stockholm", "name": "Stockholm Arlanda", "country": "SE" },
    "ZRH": { "city": "Zurich", "name": "Zurich", "country": "CH" },
    "BRU": { "city": "Brussels", "name": "Brussels", "country": "BE" },
    "MUC": { "city": "Munich", "name": "Munich", "country": "DE" },
    "FRA": { "city": "Frankfurt", "name": "Frankfurt", "country": "DE" },
    "GVA": { "city": "Geneva", "name": "Geneva", "country": "CH" },
    "IST": { "city": "Istanbul", "name": "Istanbul", "country": "TR" },
    "DBV": { "city": "Dubrovnik", "name": "Dubrovnik", "country": "HR" },
    "KEF": { "city": "Reykjavik", "name": "Keflavik International", "country": "IS" },

    "HKG": { "city": "Hong Kong", "name": "Hong Kong International", "country": "HK" },
    "SIN": { "city": "Singapore", "name": "Changi", "country": "SG" },
    "BKK": { "city": "Bangkok", "name": "Suvarnabhumi", "country": "TH" },
    "DPS": { "city": "Bali", "name": "Ngurah Rai International", "country": "ID" },
    "ICN": { "city": "Seoul", "name": "Incheon International", "country": "KR" },
    "PEK": { "city": "Beijing", "name": "Beijing Capital International", "country": "CN" },
    "PVG": { "city": "Shanghai", "name": "Shanghai Pudong International", "country": "CN" },
    "DEL": { "city": "Delhi", "name": "Indira Gandhi International", "country": "IN" },
    "BOM": { "city": "Mumbai", "name": "Chhatrapati Shivaji International", "country": "IN" },
    "KIX": { "city": "Osaka", "name": "Kansai International", "country": "JP" },
    "TPE": { "city": "Taipei", "name": "Taiwan Taoyuan International", "country": "TW" },
    "HKT": { "city": "Phuket", "name": "Phuket International", "country": "TH" },
    "MLE": { "city": "Male", "name": "Velana International", "country": "MV" },

    "SYD": { "city": "Sydney", "name": "Sydney Kingsford Smith", "country": "AU" },
    "MEL": { "city": "Melbourne", "name": "Melbourne", "country": "AU" },
    "AKL": { "city": "Auckland", "name": "Auckland", "country": "NZ" },
    "ZQN": { "city": "Queenstown", "name": "Queenstown", "country": "NZ" },
    "NAN": { "city": "Nadi", "name": "Nadi International", "country": "FJ" },

    "MEX": { "city": "Mexico City", "name": "Benito Juarez International", "country": "MX" },
    "CUN": { "city": "Cancun", "name": "Cancun International", "country": "MX" },
    "SJD": { "city": "Los Cabos", "name": "Los Cabos International", "country": "MX" },
    "PVR": { "city": "Puerto Vallarta", "name": "Licenciado Gustavo Diaz Ordaz", "country": "MX" },
    "SJU": { "city": "San Juan", "name": "Luis Munoz Marin International", "country": "PR" },
    "NAS": { "city": "Nassau", "name": "Lynden Pindling International", "country": "BS" },
    "MBJ": { "city": "Montego Bay", "name": "Sangster International", "country": "JM" },
    "AUA": { "city": "Aruba", "name": "Queen Beatrix International", "country": "AW" },
    "SXM": { "city": "St. Maarten", "name": "Princess Juliana International", "country": "SX" },
    "PLS": { "city": "Providenciales", "name": "Providenciales International", "country": "TC" },
    "PUJ": { "city": "Punta Cana", "name": "Punta Cana International", "country": "DO" },

    "DXB": { "city": "Dubai", "name": "Dubai International", "country": "AE" },
    "DOH": { "city": "Doha", "name": "Hamad International", "country": "QA" },
    "AUH": { "city": "Abu Dhabi", "name": "Abu Dhabi International", "country": "AE" },
    "TLV": { "city": "Tel Aviv", "name": "Ben Gurion", "country": "IL" },

    "YYZ": { "city": "Toronto", "name": "Toronto Pearson International", "country": "CA" },
    "YVR": { "city": "Vancouver", "name": "Vancouver International", "country": "CA" },
    "YUL": { "city": "Montreal", "name": "Montreal-Trudeau International", "country": "CA" },
    "YYC": { "city": "Calgary", "name": "Calgary International", "country": "CA" },

    "GIG": { "city": "Rio de Janeiro", "name": "Galeao-Antonio Carlos Jobim", "country": "BR" },
    "GRU": { "city": "Sao Paulo", "name": "Sao Paulo-Guarulhos International", "country": "BR" },
    "EZE": { "city": "Buenos Aires", "name": "Ministro Pistarini International", "country": "AR" },
    "SCL": { "city": "Santiago", "name": "Comodoro Arturo Merino Benitez", "country": "CL" },
    "LIM": { "city": "Lima", "name": "Jorge Chavez International", "country": "PE" },
    "BOG": { "city": "Bogota", "name": "El Dorado International", "country": "CO" },

    "CPT": { "city": "Cape Town", "name": "Cape Town International", "country": "ZA" },
    "JNB": { "city": "Johannesburg", "name": "O.R. Tambo International", "country": "ZA" },
    "NBO": { "city": "Nairobi", "name": "Jomo Kenyatta International", "country": "KE" },
    "CAI": { "city": "Cairo", "name": "Cairo International", "country": "EG" },
    "RAK": { "city": "Marrakech", "name": "Marrakech Menara", "country": "MA" }
  }
}
